id,last_name,email,gender,age
1,Emmet,eemmet0@umich.edu,Male,129
2,Stainburn,nstainburn1@xrea.com,Female,63
3,Saintpierre,msaintpierre2@psu.edu,Genderfluid,54
4,Predohl,dpredohl3@huffingtonpost.com,Male,30
5,McKune,rmckune4@usa.gov,Male,32
6,Cumesky,mcumesky5@howstuffworks.com,Female,32
7,Daintrey,bdaintrey6@parallels.com,Genderqueer,101
8,Greatex,dgreatex7@shop-pro.jp,Male,123
9,Midgley,cmidgley8@livejournal.com,Female,83
10,Linden,clinden9@aol.com,Male,104
11,Allderidge,gallderidgea@utexas.edu,Genderqueer,19
12,Zink,rzinkb@uiuc.edu,Agender,85
13,Esposita,eespositac@fda.gov,Female,10
14,Headington,wheadingtond@canalblog.com,Female,68
15,Thormann,athormanne@oakley.com,Non-binary,88
16,Oosthout de Vree,boosthoutdevreef@dot.gov,Male,142
17,Egiloff,megiloffg@mozilla.com,Male,1
18,Patley,fpatleyh@ovh.net,Female,47
19,Pelz,kpelzi@wikispaces.com,Male,15
20,Orpin,lorpinj@sogou.com,Female,37
21,Palin,kpalink@sbwire.com,Male,104
22,Wolfenden,pwolfendenl@craigslist.org,Female,25
23,Drewery,wdrewerym@upenn.edu,Female,142
24,Simonazzi,hsimonazzin@feedburner.com,Female,36
25,Dincey,edinceyo@phoca.cz,Female,35
26,Menico,hmenicop@google.fr,Female,139
27,Guillon,jguillonq@ezinearticles.com,Non-binary,107
28,Vannoort,lvannoortr@japanpost.jp,Female,131
29,Benezet,nbenezets@bandcamp.com,Male,108
30,Lenin,elenint@ovh.net,Female,2
31,Melton,cmeltonu@cornell.edu,Male,66
32,Taveriner,dtaverinerv@godaddy.com,Male,22
33,McVee,gmcveew@domainmarket.com,Female,81
34,Cummine,scumminex@xrea.com,Female,7
35,Inns,binnsy@aboutads.info,Female,87
36,Eam,beamz@wunderground.com,Female,106
37,Austins,aaustins10@pbs.org,Male,112
38,Harmant,oharmant11@unblog.fr,Polygender,131
39,Ugoletti,mugoletti12@meetup.com,Female,32
40,McCord,cmccord13@sbwire.com,Female,85
41,Villiers,jvilliers14@mysql.com,Non-binary,101
42,Mynott,mmynott15@qq.com,Male,62
43,Kealy,mkealy16@reuters.com,Male,145
44,Riach,briach17@bandcamp.com,Male,55
45,Howgill,fhowgill18@shinystat.com,Male,42
46,Dexter,odexter19@whitehouse.gov,Non-binary,140
47,Lumber,olumber1a@washingtonpost.com,Male,38
48,Renton,yrenton1b@hp.com,Male,76
49,Jee,njee1c@storify.com,Female,99
50,Sheridan,lsheridan1d@answers.com,Female,71
51,Surmon,psurmon1e@amazon.com,Female,2
52,Heater,eheater1f@blogspot.com,Male,139
53,Vaud,lvaud1g@reddit.com,Male,41
54,Bonhan,gbonhan1h@pinterest.com,Male,47
55,Espinay,eespinay1i@example.com,Male,96
56,Loraine,mloraine1j@abc.net.au,Female,109
57,Robjohns,jrobjohns1k@spiegel.de,Male,44
58,Roden,aroden1l@home.pl,Female,127
59,Djokic,bdjokic1m@hubpages.com,Male,30
60,Kupka,mkupka1n@disqus.com,Male,91
61,Cruz,rcruz1o@geocities.jp,Female,103
62,Mundford,dmundford1p@techcrunch.com,Genderqueer,143
63,Itzcak,citzcak1q@trellian.com,Female,22
64,Tanzer,etanzer1r@drupal.org,Female,38
65,Gerin,bgerin1s@e-recht24.de,Male,71
66,Arblaster,rarblaster1t@stanford.edu,Polygender,71
67,Taphouse,staphouse1u@usnews.com,Female,77
68,Paling,lpaling1v@multiply.com,Male,35
69,Dellar,ldellar1w@example.com,Female,44
70,Konert,dkonert1x@un.org,Female,92
71,Drain,ddrain1y@youku.com,Male,60
72,Tout,ctout1z@abc.net.au,Male,86
73,Lesslie,olesslie20@mozilla.com,Female,25
74,Wastling,awastling21@rakuten.co.jp,Male,40
75,Lukovic,llukovic22@pcworld.com,Female,32
76,Klesel,dklesel23@cbc.ca,Male,122
77,Duferie,dduferie24@g.co,Female,84
78,Wilds,jwilds25@privacy.gov.au,Female,3
79,Yallop,ryallop26@who.int,Polygender,32
80,Terese,bterese27@dell.com,Male,21
81,Laughrey,klaughrey28@newyorker.com,Female,83
82,Lidgard,clidgard29@eventbrite.com,Female,8
83,Isaksen,oisaksen2a@cam.ac.uk,Male,34
84,Claypool,aclaypool2b@ftc.gov,Genderqueer,59
85,Crucetti,hcrucetti2c@istockphoto.com,Male,34
86,Vallery,dvallery2d@google.com,Male,5
87,Fitton,cfitton2e@youku.com,Female,14
88,Godby,lgodby2f@baidu.com,Male,73
89,Letcher,vletcher2g@mashable.com,Female,134
90,Heild,aheild2h@rediff.com,Female,46
91,La Batie,hlabatie2i@angelfire.com,Male,8
92,Ratray,hratray2j@google.fr,Female,35
93,Normanvell,hnormanvell2k@netscape.com,Female,65
94,Uttley,muttley2l@oracle.com,Bigender,44
95,Ody,aody2m@psu.edu,Male,18
96,Coatham,acoatham2n@ask.com,Female,16
97,Minchenton,vminchenton2o@hatena.ne.jp,Female,90
98,Girton,ogirton2p@mashable.com,Female,147
99,Abilowitz,dabilowitz2q@salon.com,Male,8
100,Fairholm,bfairholm2r@com.com,Genderqueer,148
101,Cabell,ncabell2s@theglobeandmail.com,Female,111
102,Moulds,amoulds2t@google.com.br,Male,41
103,Janicijevic,njanicijevic2u@yellowbook.com,Polygender,120
104,Phibb,dphibb2v@icio.us,Male,144
105,Kirgan,nkirgan2w@zdnet.com,Male,1
106,Panchin,lpanchin2x@mit.edu,Female,77
107,Renvoys,rrenvoys2y@nasa.gov,Female,27
108,Brecknock,ebrecknock2z@squarespace.com,Female,20
109,Aldgate,baldgate30@engadget.com,Female,138
110,Rumble,rrumble31@rakuten.co.jp,Male,129
111,Pickthorne,bpickthorne32@themeforest.net,Male,92
112,Ferrillio,rferrillio33@nasa.gov,Female,97
113,Adne,kadne34@businessinsider.com,Male,114
114,Beastall,hbeastall35@dmoz.org,Female,114
115,Yakushkev,myakushkev36@4shared.com,Male,134
116,Lyndon,clyndon37@ask.com,Female,87
117,Andrasch,dandrasch38@statcounter.com,Male,82
118,Bront,dbront39@umich.edu,Male,114
119,Wragg,nwragg3a@businessinsider.com,Male,135
120,Pattemore,ipattemore3b@cdc.gov,Polygender,148
121,Terrazzo,mterrazzo3c@sourceforge.net,Male,52
122,Iwanowski,jiwanowski3d@joomla.org,Female,80
123,Reddoch,areddoch3e@amazon.co.jp,Female,138
124,Tyrie,btyrie3f@friendfeed.com,Polygender,135
125,Prazor,sprazor3g@google.com.hk,Female,120
126,Jirusek,sjirusek3h@chicagotribune.com,Female,71
127,Kordova,mkordova3i@instagram.com,Male,51
128,Korting,mkorting3j@hc360.com,Female,70
129,Wayt,dwayt3k@squarespace.com,Female,87
130,Foy,rfoy3l@google.com.hk,Male,114
131,Matusson,bmatusson3m@sbwire.com,Female,2
132,Cordeau,bcordeau3n@virginia.edu,Female,126
133,Breede,jbreede3o@weibo.com,Genderqueer,89
134,Spottiswoode,sspottiswoode3p@seattletimes.com,Male,76
135,Andrzejowski,jandrzejowski3q@wufoo.com,Female,13
136,enzley,kenzley3r@bigcartel.com,Genderfluid,129
137,Waller,lwaller3s@redcross.org,Male,125
138,Geist,wgeist3t@smh.com.au,Male,148
139,Kew,ckew3u@constantcontact.com,Female,51
140,Huller,ghuller3v@amazon.co.uk,Female,66
141,Kydde,vkydde3w@cloudflare.com,Female,98
142,Wenn,cwenn3x@twitter.com,Male,11
143,Rowlson,growlson3y@google.com.hk,Genderqueer,63
144,Rowlstone,rrowlstone3z@hugedomains.com,Male,18
145,Halksworth,jhalksworth40@cbc.ca,Male,69
146,Bessent,abessent41@amazon.co.uk,Male,51
147,Redmayne,kredmayne42@aboutads.info,Female,116
148,Cawte,rcawte43@washington.edu,Non-binary,133
149,Forrington,aforrington44@ezinearticles.com,Male,23
150,Clague,mclague45@rakuten.co.jp,Female,49
151,Cavolini,fcavolini46@joomla.org,Male,28
152,Chaters,fchaters47@marriott.com,Female,89
153,Glynn,oglynn48@nydailynews.com,Male,26
154,Newsome,knewsome49@bloglines.com,Female,37
155,Rugieri,brugieri4a@bbb.org,Male,53
156,Gloy,hgloy4b@constantcontact.com,Non-binary,117
157,Bwye,hbwye4c@china.com.cn,Female,42
158,Devennie,edevennie4d@elegantthemes.com,Male,95
159,Goldie,pgoldie4e@amazonaws.com,Male,97
160,Glyn,gglyn4f@google.it,Bigender,95
161,Gethouse,vgethouse4g@sphinn.com,Male,150
162,Croisdall,dcroisdall4h@blogspot.com,Male,131
163,Denys,mdenys4i@seesaa.net,Female,1
164,Colomb,tcolomb4j@tinyurl.com,Male,137
165,Botton,qbotton4k@quantcast.com,Female,27
166,Standen,cstanden4l@paginegialle.it,Genderfluid,16
167,O'Fearguise,jofearguise4m@blogger.com,Male,135
168,Prandi,mprandi4n@about.com,Male,129
169,Veljes,aveljes4o@sogou.com,Male,41
170,Witz,kwitz4p@prnewswire.com,Male,61
171,Reding,hreding4q@irs.gov,Female,8
172,enzley,eenzley4r@about.com,Genderqueer,20
173,Felmingham,gfelmingham4s@lycos.com,Male,101
174,Pepineaux,vpepineaux4t@cdc.gov,Female,97
175,Corten,rcorten4u@apache.org,Male,13
176,Eskriet,weskriet4v@jugem.jp,Female,128
177,Doge,cdoge4w@quantcast.com,Female,39
178,O'Harney,moharney4x@macromedia.com,Female,119
179,Jowsey,bjowsey4y@samsung.com,Female,130
180,Scahill,tscahill4z@cafepress.com,Male,138
181,Farrington,gfarrington50@redcross.org,Female,124
182,Chessman,cchessman51@google.de,Male,27
183,Calderonello,scalderonello52@t.co,Female,60
184,Clementi,iclementi53@nyu.edu,Female,72
185,Brolly,cbrolly54@yale.edu,Male,56
186,Von Brook,svonbrook55@aol.com,Male,62
187,Townsend,rtownsend56@bing.com,Female,104
188,Fardy,tfardy57@ucla.edu,Female,39
189,Jeff,kjeff58@seattletimes.com,Genderfluid,39
190,Ceaser,jceaser59@booking.com,Male,17
191,Gutherson,jgutherson5a@delicious.com,Male,88
192,Caukill,mcaukill5b@hhs.gov,Male,113
193,Risen,erisen5c@oaic.gov.au,Female,138
194,Berringer,dberringer5d@mtv.com,Polygender,79
195,Gorch,lgorch5e@cbc.ca,Male,129
196,Bindin,gbindin5f@t.co,Female,61
197,Schaumaker,rschaumaker5g@sun.com,Male,88
198,Jurasz,kjurasz5h@reddit.com,Male,121
199,Peplaw,gpeplaw5i@bandcamp.com,Male,4
200,Ixor,wixor5j@domainmarket.com,Male,132
201,Ramelet,dramelet5k@google.it,Genderqueer,64
202,Rubertis,erubertis5l@shareasale.com,Female,69
203,Yurukhin,cyurukhin5m@dmoz.org,Male,24
204,Adshead,yadshead5n@themeforest.net,Agender,21
205,McQuilliam,hmcquilliam5o@cargocollective.com,Male,134
206,Heape,cheape5p@mtv.com,Female,35
207,Fedorchenko,ofedorchenko5q@loc.gov,Male,140
208,Dabrowski,rdabrowski5r@mediafire.com,Male,117
209,Ovill,movill5s@youku.com,Agender,77
210,Reader,jreader5t@baidu.com,Male,85
211,Throughton,athroughton5u@timesonline.co.uk,Female,73
212,Francescozzi,kfrancescozzi5v@netvibes.com,Genderqueer,110
213,Ottawell,rottawell5w@stanford.edu,Female,91
214,Mawne,smawne5x@vimeo.com,Female,6
215,Ankrett,aankrett5y@weebly.com,Male,36
216,Jovicevic,djovicevic5z@nydailynews.com,Female,142
217,Guinn,aguinn60@flavors.me,Female,93
218,Shillabeer,rshillabeer61@sogou.com,Genderfluid,142
219,Coffelt,kcoffelt62@360.cn,Male,78
220,Sieghart,tsieghart63@myspace.com,Agender,64
221,Goldsack,wgoldsack64@spotify.com,Genderfluid,104
222,Pigeram,gpigeram65@cdbaby.com,Female,124
223,Spinige,tspinige66@dion.ne.jp,Female,63
224,Bearcroft,zbearcroft67@netscape.com,Female,59
225,Bowditch,rbowditch68@businesswire.com,Male,69
226,Ivakhno,aivakhno69@toplist.cz,Female,122
227,Darell,ndarell6a@nba.com,Male,0
228,Hardwicke,chardwicke6b@nsw.gov.au,Female,108
229,Stellman,pstellman6c@spiegel.de,Female,9
230,Picot,bpicot6d@goo.gl,Male,142
231,Vlasenko,svlasenko6e@msn.com,Female,67
232,Gaylor,lgaylor6f@europa.eu,Polygender,123
233,Aggio,aaggio6g@fda.gov,Male,56
234,Moyer,cmoyer6h@jiathis.com,Female,93
235,Topes,jtopes6i@hibu.com,Female,71
236,Viggers,eviggers6j@google.it,Male,131
237,Newson,tnewson6k@umn.edu,Male,65
238,Knott,mknott6l@elpais.com,Female,75
239,Balcon,fbalcon6m@zdnet.com,Male,137
240,Crysell,bcrysell6n@ycombinator.com,Male,58
241,Cubin,hcubin6o@nationalgeographic.com,Female,116
242,Artist,martist6p@google.co.jp,Male,16
243,Stack,kstack6q@illinois.edu,Male,111
244,Rack,srack6r@nifty.com,Non-binary,69
245,Kilfether,jkilfether6s@nbcnews.com,Female,103
246,Couth,jcouth6t@geocities.jp,Female,45
247,Annes,nannes6u@so-net.ne.jp,Male,18
248,Kuzma,rkuzma6v@imdb.com,Male,132
249,Lowres,alowres6w@cpanel.net,Female,129
250,Pyrah,apyrah6x@imgur.com,Male,143
251,Siemandl,gsiemandl6y@tmall.com,Female,28
252,Constable,aconstable6z@answers.com,Female,93
253,Overington,roverington70@reuters.com,Male,80
254,Sulter,asulter71@yelp.com,Female,32
255,Papis,kpapis72@360.cn,Genderqueer,74
256,Winslow,nwinslow73@tamu.edu,Female,17
257,Apfler,fapfler74@smh.com.au,Female,83
258,Luckwell,mluckwell75@reference.com,Male,45
259,Probey,bprobey76@ow.ly,Male,3
260,Sikorski,ksikorski77@ustream.tv,Female,94
261,Burress,lburress78@dedecms.com,Male,142
262,McGivena,amcgivena79@ehow.com,Bigender,4
263,Hollingsby,phollingsby7a@macromedia.com,Male,110
264,Flaonier,eflaonier7b@ucsd.edu,Female,88
265,Woehler,hwoehler7c@census.gov,Female,39
266,Kiehne,akiehne7d@yellowpages.com,Genderqueer,122
267,Fairlie,rfairlie7e@51.la,Male,128
268,Meijer,hmeijer7f@epa.gov,Female,46
269,Machen,jmachen7g@flavors.me,Male,59
270,Axston,gaxston7h@lulu.com,Female,65
271,Moubray,smoubray7i@canalblog.com,Male,96
272,Stiell,gstiell7j@godaddy.com,Genderqueer,1
273,Sarge,rsarge7k@prnewswire.com,Genderqueer,19
274,Lowde,vlowde7l@vistaprint.com,Male,127
275,Mc Trusty,fmctrusty7m@over-blog.com,Female,56
276,Trawin,btrawin7n@mail.ru,Female,120
277,Wintringham,cwintringham7o@facebook.com,Male,51
278,Tremouille,dtremouille7p@boston.com,Male,83
279,Bakhrushin,kbakhrushin7q@people.com.cn,Female,132
280,Dugue,cdugue7r@hugedomains.com,Female,68
281,Hunt,chunt7s@joomla.org,Female,90
282,Marl,mmarl7t@cornell.edu,Female,5
283,Josefowicz,cjosefowicz7u@dmoz.org,Polygender,113
284,Barnaclough,dbarnaclough7v@seattletimes.com,Female,134
285,Cloutt,ccloutt7w@earthlink.net,Female,102
286,Beton,sbeton7x@elpais.com,Female,146
287,Castelluzzi,jcastelluzzi7y@addthis.com,Male,114
288,Myatt,hmyatt7z@tinyurl.com,Female,149
289,Van Schafflaer,avanschafflaer80@unblog.fr,Male,20
290,Burle,wburle81@gravatar.com,Female,63
291,Shannon,hshannon82@chron.com,Female,44
292,Wyllis,kwyllis83@state.tx.us,Female,112
293,Kurtis,lkurtis84@msu.edu,Male,112
294,Phelipeaux,ephelipeaux85@last.fm,Female,84
295,Gillions,wgillions86@tripadvisor.com,Male,49
296,Siddon,gsiddon87@about.me,Female,8
297,Clementet,lclementet88@twitter.com,Male,2
298,Raiston,mraiston89@domainmarket.com,Genderfluid,21
299,Yurchenko,jyurchenko8a@issuu.com,Polygender,26
300,Stanmer,rstanmer8b@ocn.ne.jp,Male,16
301,Farguhar,bfarguhar8c@g.co,Female,103
302,Bygate,ibygate8d@seesaa.net,Female,147
303,McNish,fmcnish8e@tumblr.com,Male,29
304,Jonin,hjonin8f@cloudflare.com,Male,106
305,Rosle,brosle8g@buzzfeed.com,Male,131
306,Hardwidge,jhardwidge8h@mtv.com,Male,38
307,Gedge,ggedge8i@hc360.com,Male,143
308,Romanelli,mromanelli8j@bluehost.com,Female,116
309,Broadway,cbroadway8k@feedburner.com,Male,142
310,Hedgeley,mhedgeley8l@myspace.com,Female,62
311,Rennels,rrennels8m@miibeian.gov.cn,Polygender,106
312,Enticknap,genticknap8n@admin.ch,Male,7
313,Vockins,jvockins8o@redcross.org,Female,59
314,Caunce,lcaunce8p@webeden.co.uk,Male,68
315,Pharoah,cpharoah8q@4shared.com,Male,64
316,Parkes,cparkes8r@globo.com,Male,141
317,Iacobacci,aiacobacci8s@prweb.com,Female,73
318,Moulden,omoulden8t@mediafire.com,Male,75
319,Housley,phousley8u@tripod.com,Female,139
320,Rubinov,arubinov8v@jimdo.com,Male,129
321,Leadbeater,dleadbeater8w@mit.edu,Female,6
322,Melliard,amelliard8x@army.mil,Female,62
323,Canham,ecanham8y@va.gov,Male,78
324,Cramond,lcramond8z@cbsnews.com,Female,150
325,Audry,jaudry90@ox.ac.uk,Female,116
326,McVanamy,cmcvanamy91@linkedin.com,Female,32
327,Tizard,rtizard92@e-recht24.de,Female,65
328,Pencot,cpencot93@ucla.edu,Male,81
329,Ralph,eralph94@bloglovin.com,Female,101
330,Edinburgh,medinburgh95@oaic.gov.au,Female,73
331,Tennet,ctennet96@elegantthemes.com,Male,89
332,Picknett,lpicknett97@rakuten.co.jp,Male,134
333,Livick,blivick98@nsw.gov.au,Female,98
334,Roos,sroos99@patch.com,Male,93
335,Gellert,cgellert9a@taobao.com,Male,45
336,Moland,mmoland9b@storify.com,Female,75
337,Wittman,pwittman9c@usnews.com,Male,48
338,Olivetti,golivetti9d@amazon.com,Female,59
339,Gunbie,mgunbie9e@hhs.gov,Male,111
340,Beilby,abeilby9f@creativecommons.org,Female,109
341,Cannam,ncannam9g@patch.com,Male,69
342,Geffe,vgeffe9h@msn.com,Male,107
343,Kettlewell,mkettlewell9i@scientificamerican.com,Polygender,103
344,Columbell,hcolumbell9j@t-online.de,Female,16
345,Hammarberg,thammarberg9k@squidoo.com,Male,85
346,Gammack,tgammack9l@plala.or.jp,Female,49
347,Jeandel,gjeandel9m@wikimedia.org,Female,102
348,Thormann,cthormann9n@biblegateway.com,Female,41
349,Gilling,rgilling9o@soundcloud.com,Female,76
350,Bairstow,rbairstow9p@huffingtonpost.com,Female,57
351,Tranckle,ttranckle9q@vimeo.com,Male,116
352,Olohan,aolohan9r@e-recht24.de,Female,57
353,Camier,fcamier9s@cocolog-nifty.com,Male,109
354,Augur,saugur9t@imdb.com,Female,136
355,Dreger,sdreger9u@list-manage.com,Polygender,7
356,Gartside,ggartside9v@jimdo.com,Female,121
357,Inglis,kinglis9w@taobao.com,Male,67
358,Griffithe,ogriffithe9x@examiner.com,Male,40
359,Batchan,ibatchan9y@admin.ch,Female,5
360,Swinyard,iswinyard9z@indiegogo.com,Male,89
361,McDell,nmcdella0@squidoo.com,Female,94
362,Bukowski,kbukowskia1@bing.com,Female,71
363,Queripel,equeripela2@tinypic.com,Male,129
364,Baudains,bbaudainsa3@flavors.me,Non-binary,122
365,Confort,dconforta4@princeton.edu,Bigender,21
366,Monnelly,dmonnellya5@wikipedia.org,Female,132
367,Huot,jhuota6@bbc.co.uk,Male,46
368,Anfossi,hanfossia7@behance.net,Agender,50
369,Scarlin,zscarlina8@list-manage.com,Male,147
370,Sterrie,tsterriea9@seattletimes.com,Female,18
371,Shasnan,rshasnanaa@mapy.cz,Male,130
372,Croix,icroixab@msu.edu,Female,39
373,Winsborrow,cwinsborrowac@ustream.tv,Male,53
374,Crumpton,fcrumptonad@mozilla.org,Male,147
375,Sharrier,lsharrierae@t-online.de,Genderqueer,128
376,Aiskovitch,eaiskovitchaf@army.mil,Female,53
377,Milillo,bmililloag@flavors.me,Female,8
378,Duberry,cduberryah@mayoclinic.com,Male,57
379,Havill,khavillai@mapquest.com,Male,46
380,Bolgar,nbolgaraj@timesonline.co.uk,Female,148
381,Foynes,cfoynesak@devhub.com,Male,106
382,Nardrup,rnardrupal@comsenz.com,Polygender,74
383,Earnshaw,eearnshawam@globo.com,Male,30
384,Willavoys,wwillavoysan@dedecms.com,Female,85
385,Phibb,tphibbao@ucla.edu,Male,95
386,Daye,ndayeap@nationalgeographic.com,Male,33
387,Lunn,plunnaq@cornell.edu,Male,118
388,Obey,jobeyar@liveinternet.ru,Female,18
389,Hegg,mheggas@va.gov,Male,7
390,Pryell,cpryellat@tuttocitta.it,Female,132
391,Stickells,rstickellsau@linkedin.com,Male,95
392,Wilshire,vwilshireav@nifty.com,Female,89
393,Chansonne,rchansonneaw@blogspot.com,Female,118
394,Shawyer,lshawyerax@goo.gl,Genderqueer,4
395,Glen,gglenay@1688.com,Male,144
396,Figurski,ffigurskiaz@opera.com,Female,111
397,Ashdown,aashdownb0@who.int,Female,150
398,Conaghy,kconaghyb1@godaddy.com,Female,85
399,Ancliff,lancliffb2@hexun.com,Genderqueer,61
400,Rase,craseb3@psu.edu,Male,12
401,Hrycek,jhrycekb4@comsenz.com,Male,2
402,Cattlemull,ccattlemullb5@icio.us,Female,88
403,Prinne,cprinneb6@jimdo.com,Female,97
404,Wand,swandb7@clickbank.net,Male,137
405,Crysell,icrysellb8@bravesites.com,Male,57
406,D'Hooge,mdhoogeb9@issuu.com,Male,29
407,Reavey,breaveyba@cdbaby.com,Polygender,106
408,Bursnoll,rbursnollbb@oakley.com,Male,78
409,Pidduck,mpidduckbc@mashable.com,Male,20
410,Conklin,jconklinbd@google.es,Male,118
411,Banbrigge,bbanbriggebe@omniture.com,Male,67
412,Le feuvre,mlefeuvrebf@ucoz.com,Female,112
413,Langlois,tlangloisbg@live.com,Female,150
414,Goult,mgoultbh@booking.com,Bigender,3
415,Ridges,aridgesbi@fda.gov,Male,86
416,Levin,slevinbj@bluehost.com,Female,61
417,Dudman,mdudmanbk@tripadvisor.com,Male,47
418,Hambleton,lhambletonbl@ucsd.edu,Male,18
419,Le Hucquet,elehucquetbm@nsw.gov.au,Male,114
420,Marcus,emarcusbn@issuu.com,Female,144
421,Janata,mjanatabo@yolasite.com,Female,35
422,Oggers,moggersbp@weather.com,Female,65
423,Brasher,pbrasherbq@wix.com,Female,82
424,Eshelby,keshelbybr@pcworld.com,Female,46
425,Rubury,eruburybs@nasa.gov,Female,27
426,Laverack,rlaverackbt@squidoo.com,Male,115
427,Jedryka,ajedrykabu@quantcast.com,Male,13
428,Kas,lkasbv@qq.com,Female,56
429,Pirot,mpirotbw@hc360.com,Female,35
430,Kingsford,jkingsfordbx@npr.org,Male,146
431,Shulem,tshulemby@bandcamp.com,Genderqueer,79
432,Bapty,dbaptybz@earthlink.net,Female,8
433,Ellacott,kellacottc0@ca.gov,Female,24
434,Maymond,hmaymondc1@jigsy.com,Male,9
435,Poure,spourec2@printfriendly.com,Male,59
436,MacGettigen,dmacgettigenc3@istockphoto.com,Female,144
437,Garces,kgarcesc4@narod.ru,Male,49
438,Dymocke,edymockec5@opera.com,Female,114
439,Massimi,fmassimic6@reference.com,Male,82
440,O'Tierney,totierneyc7@ft.com,Male,123
441,Sydall,asydallc8@cnet.com,Female,123
442,Vidloc,dvidlocc9@51.la,Male,140
443,Middlemiss,amiddlemissca@domainmarket.com,Male,133
444,Earsman,pearsmancb@cpanel.net,Agender,57
445,Crowthe,rcrowthecc@uiuc.edu,Male,81
446,Durgan,kdurgancd@macromedia.com,Male,111
447,Dreus,adreusce@ucoz.com,Female,90
448,Cavolini,bcavolinicf@boston.com,Female,82
449,Woliter,awolitercg@mlb.com,Female,108
450,Monckton,jmoncktonch@webeden.co.uk,Male,0
451,Matusson,bmatussonci@bing.com,Female,105
452,Stoop,rstoopcj@salon.com,Female,34
453,Gland,lglandck@nih.gov,Male,58
454,Yabsley,jyabsleycl@technorati.com,Female,57
455,Cuff,dcuffcm@webs.com,Male,110
456,Ortzen,cortzencn@g.co,Female,20
457,MacHostie,pmachostieco@nasa.gov,Male,99
458,Ebbers,lebberscp@wunderground.com,Male,115
459,Rabson,erabsoncq@reuters.com,Male,93
460,Scambler,gscamblercr@goodreads.com,Female,86
461,Cossington,rcossingtoncs@npr.org,Female,12
462,Cudby,tcudbyct@godaddy.com,Male,149
463,Valentelli,nvalentellicu@123-reg.co.uk,Female,17
464,Davsley,sdavsleycv@networkadvertising.org,Genderfluid,98
465,Britnell,lbritnellcw@cargocollective.com,Male,137
466,Croal,scroalcx@angelfire.com,Female,8
467,Christophe,fchristophecy@yandex.ru,Female,63
468,Valerio,bvaleriocz@ustream.tv,Male,122
469,Barabich,cbarabichd0@oracle.com,Female,111
470,Dunne,cdunned1@phoca.cz,Bigender,84
471,Burrus,kburrusd2@scribd.com,Male,137
472,Sconce,lsconced3@alexa.com,Male,145
473,Clavering,jclaveringd4@businessinsider.com,Agender,69
474,Ogan,eogand5@japanpost.jp,Female,31
475,Baudin,hbaudind6@chron.com,Female,56
476,Fendlen,sfendlend7@netscape.com,Male,39
477,Samuels,rsamuelsd8@gravatar.com,Male,52
478,von Hagt,nvonhagtd9@mapy.cz,Female,98
479,Swire,lswireda@list-manage.com,Male,72
480,MacTrustam,mmactrustamdb@eepurl.com,Male,108
481,Micheli,emichelidc@icq.com,Female,11
482,Dart,bdartdd@arizona.edu,Male,88
483,Gergolet,agergoletde@who.int,Female,9
484,Monk,pmonkdf@ebay.com,Female,58
485,Sant,asantdg@telegraph.co.uk,Male,4
486,Fideler,gfidelerdh@adobe.com,Female,15
487,Cradduck,ccradduckdi@sciencedirect.com,Female,45
488,Pettipher,tpettipherdj@eepurl.com,Male,106
489,Grist,ngristdk@blogspot.com,Female,146
490,Miguet,gmiguetdl@is.gd,Male,110
491,Staries,astariesdm@psu.edu,Male,73
492,Chuck,gchuckdn@ucoz.ru,Female,41
493,Bunting,ebuntingdo@behance.net,Male,63
494,Ruppele,lruppeledp@ask.com,Male,0
495,Swaite,mswaitedq@over-blog.com,Female,140
496,Robertet,frobertetdr@google.fr,Male,99
497,MacMickan,mmacmickands@si.edu,Bigender,36
498,Jonuzi,ljonuzidt@dion.ne.jp,Female,143
499,Mathely,kmathelydu@mapquest.com,Female,132
500,Campion,ucampiondv@1und1.de,Female,91
501,Griffoen,egriffoendw@scribd.com,Male,147
502,Reilinger,creilingerdx@networksolutions.com,Female,33
503,Garces,bgarcesdy@fda.gov,Male,30
504,Ludvigsen,dludvigsendz@disqus.com,Female,121
505,Cosley,rcosleye0@bloglines.com,Male,103
506,Metzke,ametzkee1@nymag.com,Female,148
507,Domek,cdomeke2@columbia.edu,Female,61
508,St. John,vstjohne3@ycombinator.com,Male,77
509,Jarmain,fjarmaine4@tripod.com,Male,84
510,Shakesby,cshakesbye5@behance.net,Female,141
511,Capron,acaprone6@gmpg.org,Female,48
512,Tagg,ktagge7@boston.com,Male,49
513,Phebee,mphebeee8@barnesandnoble.com,Female,129
514,Snoday,csnodaye9@tinypic.com,Female,114
515,Stillmann,jstillmannea@nytimes.com,Female,119
516,Simoncelli,fsimoncellieb@ucsd.edu,Female,96
517,Musterd,mmusterdec@addthis.com,Female,9
518,Yelden,tyeldened@latimes.com,Male,53
519,Musgrove,lmusgroveee@imgur.com,Male,105
520,Stronghill,mstronghillef@360.cn,Female,80
521,Peers,lpeerseg@nature.com,Male,27
522,Hattiff,shattiffeh@goo.ne.jp,Bigender,64
523,Symms,ksymmsei@uiuc.edu,Female,125
524,Weems,aweemsej@zdnet.com,Male,27
525,Tyer,ttyerek@yahoo.co.jp,Male,42
526,Turbat,aturbatel@shinystat.com,Female,49
527,Lindl,clindlem@sohu.com,Female,98
528,Burchett,bburchetten@php.net,Female,59
529,Gutans,pgutanseo@adobe.com,Male,82
530,Iacopini,biacopiniep@google.co.uk,Female,128
531,Lighton,alightoneq@slashdot.org,Female,99
532,Hegel,ehegeler@kickstarter.com,Male,137
533,Filipyev,cfilipyeves@ihg.com,Male,7
534,McGerr,dmcgerret@guardian.co.uk,Female,147
535,Davids,tdavidseu@about.com,Female,136
536,Cordingley,acordingleyev@amazon.com,Male,142
537,Hurler,churlerew@artisteer.com,Male,107
538,Brimble,kbrimbleex@shutterfly.com,Female,72
539,Trickey,jtrickeyey@phpbb.com,Female,9
540,Crossan,mcrossanez@elegantthemes.com,Male,72
541,Ceschi,jceschif0@chron.com,Female,138
542,Guilder,wguilderf1@godaddy.com,Male,142
543,Woodyatt,swoodyattf2@opensource.org,Male,80
544,Kirrage,mkirragef3@walmart.com,Bigender,150
545,Snoxall,rsnoxallf4@diigo.com,Male,0
546,Boaler,yboalerf5@nhs.uk,Male,1
547,MacDonald,kmacdonaldf6@blog.com,Female,120
548,Kneesha,bkneeshaf7@bloglovin.com,Male,146
549,Bilbey,wbilbeyf8@geocities.jp,Male,21
550,Brayford,rbrayfordf9@fastcompany.com,Female,69
551,Flood,nfloodfa@newsvine.com,Male,0
552,Rentenbeck,jrentenbeckfb@blinklist.com,Male,41
553,Essery,resseryfc@state.tx.us,Male,97
554,Midson,smidsonfd@nature.com,Polygender,77
555,Buckenhill,cbuckenhillfe@microsoft.com,Male,125
556,Bonellie,sbonellieff@fc2.com,Male,66
557,McGlaughn,mmcglaughnfg@jugem.jp,Female,68
558,Mogenot,vmogenotfh@marketwatch.com,Bigender,129
559,Smewings,gsmewingsfi@sakura.ne.jp,Polygender,142
560,Kaplan,dkaplanfj@vimeo.com,Female,20
561,Czaja,kczajafk@toplist.cz,Female,66
562,Coulman,rcoulmanfl@usa.gov,Female,84
563,Lamplugh,plamplughfm@friendfeed.com,Male,114
564,Olyfant,bolyfantfn@aboutads.info,Male,94
565,Mannie,fmanniefo@drupal.org,Male,127
566,Puxley,spuxleyfp@seattletimes.com,Male,34
567,Ducastel,sducastelfq@telegraph.co.uk,Male,149
568,MacCambridge,lmaccambridgefr@arstechnica.com,Male,131
569,Martusewicz,amartusewiczfs@cnet.com,Genderqueer,123
570,Tremlett,ktremlettft@ning.com,Female,89
571,Campaigne,dcampaignefu@xrea.com,Female,61
572,Olivelli,colivellifv@imageshack.us,Female,61
573,Vasilyonok,avasilyonokfw@163.com,Genderqueer,49
574,McMeyler,smcmeylerfx@dailymotion.com,Female,101
575,Etherson,vethersonfy@vistaprint.com,Male,40
576,Pratten,nprattenfz@nba.com,Female,57
577,Benech,ubenechg0@home.pl,Female,27
578,Hassin,dhassing1@kickstarter.com,Male,117
579,Ledbetter,jledbetterg2@cnet.com,Female,6
580,Wellings,iwellingsg3@elpais.com,Female,91
581,Rastall,brastallg4@washingtonpost.com,Male,22
582,Troyes,mtroyesg5@cpanel.net,Female,101
583,Pagon,opagong6@nps.gov,Female,89
584,Stirzaker,wstirzakerg7@pcworld.com,Male,75
585,Willstrop,kwillstropg8@buzzfeed.com,Male,92
586,Nicholes,bnicholesg9@is.gd,Female,25
587,Dowrey,ddowreyga@cnet.com,Female,88
588,Attride,aattridegb@wikia.com,Male,76
589,Wadwell,cwadwellgc@typepad.com,Male,126
590,Shawcross,mshawcrossgd@vkontakte.ru,Female,135
591,Dalgardno,mdalgardnoge@oaic.gov.au,Female,149
592,Maddra,amaddragf@angelfire.com,Female,107
593,Coldicott,hcoldicottgg@yahoo.co.jp,Genderfluid,126
594,Bowering,gboweringgh@wufoo.com,Male,66
595,McOrkill,cmcorkillgi@sbwire.com,Male,19
596,Coenraets,acoenraetsgj@jalbum.net,Male,128
597,Whitters,ywhittersgk@exblog.jp,Female,126
598,Oldford,woldfordgl@msn.com,Genderfluid,15
599,Ebanks,zebanksgm@reference.com,Male,15
600,Harget,mhargetgn@nature.com,Male,61
601,Gillean,rgilleango@mapy.cz,Female,130
602,Carnegy,acarnegygp@ow.ly,Female,57
603,Dunckley,sdunckleygq@gnu.org,Male,124
604,Hantusch,chantuschgr@fema.gov,Female,133
605,Treadgold,mtreadgoldgs@joomla.org,Male,71
606,Rhule,jrhulegt@seattletimes.com,Female,89
607,Chadwin,schadwingu@hud.gov,Male,115
608,Poulsen,apoulsengv@ox.ac.uk,Agender,24
609,Romanski,gromanskigw@msu.edu,Female,17
610,Gyde,agydegx@tripadvisor.com,Male,37
611,Grisenthwaite,jgrisenthwaitegy@symantec.com,Male,22
612,Eastwood,heastwoodgz@irs.gov,Male,139
613,Machen,rmachenh0@gnu.org,Female,90
614,Barlie,mbarlieh1@google.com.au,Male,59
615,Ashbolt,eashbolth2@behance.net,Male,58
616,Andreassen,tandreassenh3@google.com.hk,Female,123
617,Sayward,msaywardh4@berkeley.edu,Male,13
618,Mapples,imapplesh5@hhs.gov,Male,3
619,Pashley,lpashleyh6@phoca.cz,Male,116
620,Oldaker,coldakerh7@woothemes.com,Male,66
621,Allanby,hallanbyh8@hugedomains.com,Female,77
622,Clyne,kclyneh9@toplist.cz,Agender,104
623,Sussex,wsussexha@bloglovin.com,Female,122
624,Derisly,iderislyhb@360.cn,Male,43
625,Brooks,dbrookshc@jiathis.com,Female,43
626,Ferreira,aferreirahd@gravatar.com,Male,76
627,Birkinshaw,nbirkinshawhe@biglobe.ne.jp,Female,73
628,Waterman,awatermanhf@wordpress.org,Male,2
629,Redington,mredingtonhg@ameblo.jp,Genderfluid,109
630,Phipson,tphipsonhh@posterous.com,Male,33
631,Clarke-Williams,aclarkewilliamshi@vk.com,Female,20
632,Brockie,ebrockiehj@purevolume.com,Male,2
633,Mangan,umanganhk@tuttocitta.it,Male,20
634,Quinnet,dquinnethl@thetimes.co.uk,Male,108
635,Poacher,npoacherhm@theatlantic.com,Female,92
636,Wiffler,awifflerhn@msu.edu,Female,3
637,Dealey,pdealeyho@ovh.net,Female,73
638,Dadge,rdadgehp@mail.ru,Male,80
639,Craigs,kcraigshq@statcounter.com,Female,142
640,Santello,msantellohr@homestead.com,Female,69
641,Rookesby,brookesbyhs@netvibes.com,Male,113
642,Ughini,aughiniht@archive.org,Female,52
643,Cuffe,ccuffehu@shutterfly.com,Female,35
644,Barukh,tbarukhhv@elegantthemes.com,Female,105
645,Dupoy,gdupoyhw@rakuten.co.jp,Bigender,38
646,Renshall,srenshallhx@exblog.jp,Male,31
647,Basilotta,sbasilottahy@i2i.jp,Male,64
648,Penella,epenellahz@pen.io,Agender,7
649,Wyre,gwyrei0@issuu.com,Female,49
650,O' Hern,toherni1@list-manage.com,Non-binary,76
651,O'Dulchonta,modulchontai2@microsoft.com,Male,130
652,Norville,anorvillei3@opensource.org,Male,74
653,Kobu,nkobui4@booking.com,Male,148
654,Stilling,mstillingi5@apache.org,Female,148
655,Bentham,pbenthami6@free.fr,Female,66
656,Emby,aembyi7@dropbox.com,Female,46
657,Clarkson,gclarksoni8@un.org,Male,75
658,Cattle,ccattlei9@yandex.ru,Female,101
659,Pashen,mpashenia@typepad.com,Male,2
660,Wilkisson,dwilkissonib@bbc.co.uk,Male,33
661,O'Corrin,zocorrinic@nifty.com,Male,36
662,Crossley,scrossleyid@nasa.gov,Female,16
663,Weekley,yweekleyie@disqus.com,Female,4
664,Kearey,hkeareyif@google.com.au,Male,122
665,Gainfort,egainfortig@google.de,Female,44
666,Fawks,ffawksih@github.io,Female,6
667,Stubbeley,kstubbeleyii@ifeng.com,Male,53
668,Pickover,bpickoverij@narod.ru,Male,44
669,Semerad,psemeradik@ow.ly,Male,64
670,Hodgets,dhodgetsil@fotki.com,Agender,127
671,Matthewes,vmatthewesim@kickstarter.com,Female,115
672,Boick,jboickin@toplist.cz,Male,61
673,Serot,tserotio@yahoo.com,Female,91
674,Pottiphar,mpottipharip@newsvine.com,Female,30
675,Hand,rhandiq@virginia.edu,Male,48
676,Kipling,ekiplingir@va.gov,Female,128
677,Chesterfield,achesterfieldis@answers.com,Male,92
678,Van der Hoeven,cvanderhoevenit@ucoz.com,Female,69
679,Commin,acomminiu@newyorker.com,Male,26
680,Furniss,tfurnissiv@thetimes.co.uk,Genderqueer,81
681,Allix,fallixiw@globo.com,Male,1
682,Skitch,lskitchix@nifty.com,Female,95
683,Moline,gmolineiy@java.com,Genderqueer,134
684,Peltz,jpeltziz@cmu.edu,Polygender,103
685,Wittey,gwitteyj0@economist.com,Female,36
686,Chafer,achaferj1@sogou.com,Male,43
687,Scamadine,sscamadinej2@histats.com,Male,39
688,Janeczek,ajaneczekj3@uol.com.br,Female,61
689,Coogan,ccooganj4@issuu.com,Male,74
690,Tineman,gtinemanj5@bloomberg.com,Female,80
691,Hargreaves,ahargreavesj6@shop-pro.jp,Male,43
692,Furber,rfurberj7@booking.com,Female,142
693,Dight,jdightj8@umn.edu,Male,60
694,Trustie,atrustiej9@privacy.gov.au,Male,7
695,Deguara,ldeguaraja@sun.com,Male,79
696,Brithman,jbrithmanjb@fastcompany.com,Female,66
697,Spackman,ispackmanjc@fastcompany.com,Male,150
698,Jelly,ljellyjd@alexa.com,Male,44
699,Duffy,cduffyje@theguardian.com,Male,59
700,Rossant,crossantjf@tuttocitta.it,Male,144
701,McPeeters,amcpeetersjg@gizmodo.com,Genderqueer,103
702,Hastings,rhastingsjh@com.com,Male,13
703,Loukes,bloukesji@loc.gov,Male,2
704,Peaker,gpeakerjj@earthlink.net,Female,58
705,Toulamain,wtoulamainjk@buzzfeed.com,Female,130
706,Venny,lvennyjl@seattletimes.com,Male,28
707,Hurdle,ehurdlejm@youku.com,Male,44
708,Mc Harg,bmchargjn@columbia.edu,Female,147
709,Blissitt,mblissittjo@tripod.com,Male,22
710,Bangham,dbanghamjp@list-manage.com,Female,127
711,Calrow,pcalrowjq@marketwatch.com,Female,17
712,Finker,vfinkerjr@hc360.com,Female,67
713,Fruish,dfruishjs@blogtalkradio.com,Female,121
714,Wason,swasonjt@cnn.com,Bigender,72
715,Ghelardi,eghelardiju@seesaa.net,Male,22
716,McCurtin,amccurtinjv@nsw.gov.au,Male,147
717,Ronaldson,bronaldsonjw@pagesperso-orange.fr,Male,79
718,Marsden,jmarsdenjx@moonfruit.com,Male,75
719,Boykett,aboykettjy@networkadvertising.org,Male,114
720,Kleinstub,mkleinstubjz@chicagotribune.com,Female,8
721,Noads,bnoadsk0@oaic.gov.au,Male,83
722,Doddemeede,fdoddemeedek1@apple.com,Male,150
723,Muggach,smuggachk2@unc.edu,Male,144
724,Mival,amivalk3@multiply.com,Male,8
725,Simukov,lsimukovk4@oakley.com,Female,52
726,Pashen,kpashenk5@vinaora.com,Female,6
727,Crufts,ncruftsk6@ft.com,Female,69
728,Piser,apiserk7@fastcompany.com,Male,81
729,Challiss,bchallissk8@ted.com,Female,62
730,Dominec,tdomineck9@dot.gov,Male,99
731,Hurd,khurdka@stumbleupon.com,Male,83
732,Sissel,msisselkb@mediafire.com,Female,32
733,Sybe,tsybekc@ebay.com,Female,31
734,Ginger,bgingerkd@issuu.com,Female,13
735,Lannen,mlannenke@barnesandnoble.com,Male,64
736,Dillicate,jdillicatekf@cocolog-nifty.com,Female,129
737,Suttaby,vsuttabykg@desdev.cn,Female,105
738,Gilleon,cgilleonkh@nymag.com,Female,45
739,Slack,vslackki@vk.com,Female,114
740,Mummery,emummerykj@cbslocal.com,Female,35
741,Clayworth,gclayworthkk@nymag.com,Female,91
742,Joinsey,mjoinseykl@github.io,Male,141
743,O'Dunneen,eodunneenkm@tmall.com,Male,136
744,Daniells,adaniellskn@fotki.com,Genderfluid,139
745,Scholcroft,rscholcroftko@networksolutions.com,Male,22
746,Magenny,emagennykp@psu.edu,Female,105
747,Babst,rbabstkq@google.co.uk,Bigender,127
748,Viger,gvigerkr@geocities.com,Male,71
749,Shilliday,gshillidayks@dailymail.co.uk,Polygender,142
750,Chauvey,echauveykt@latimes.com,Male,127
751,Thompsett,ethompsettku@macromedia.com,Male,59
752,Bowdery,abowderykv@shinystat.com,Male,27
753,Dranfield,adranfieldkw@marketwatch.com,Male,67
754,Crissil,jcrissilkx@eepurl.com,Male,17
755,Frostdyke,mfrostdykeky@indiatimes.com,Female,104
756,Hext,ghextkz@answers.com,Genderfluid,16
757,McTeer,vmcteerl0@google.cn,Male,70
758,Broadhead,gbroadheadl1@shareasale.com,Female,114
759,Prydden,jpryddenl2@bloglines.com,Male,71
760,Escalante,lescalantel3@cdbaby.com,Male,99
761,Barnsdale,mbarnsdalel4@icq.com,Male,57
762,Milhench,gmilhenchl5@marketwatch.com,Female,48
763,Clifford,scliffordl6@themeforest.net,Male,40
764,Hains,vhainsl7@flavors.me,Male,91
765,Middlemass,lmiddlemassl8@meetup.com,Male,20
766,Yurygyn,wyurygynl9@alexa.com,Female,104
767,Grebert,agrebertla@slashdot.org,Female,72
768,Corroyer,kcorroyerlb@cornell.edu,Female,8
769,Audrey,iaudreylc@goo.gl,Male,61
770,Lucia,kluciald@plala.or.jp,Female,71
771,Busch,ebuschle@diigo.com,Female,98
772,Somerlie,esomerlielf@msn.com,Male,21
773,Cruise,mcruiselg@hibu.com,Female,116
774,Lisciardelli,clisciardellilh@vimeo.com,Male,105
775,Streeter,mstreeterli@whitehouse.gov,Female,30
776,D'Aeth,adaethlj@storify.com,Male,63
777,Bezley,dbezleylk@so-net.ne.jp,Male,117
778,Guitton,mguittonll@bloomberg.com,Male,25
779,Gleasane,mgleasanelm@hp.com,Female,60
780,Tremellier,dtremellierln@istockphoto.com,Male,86
781,Fagan,bfaganlo@xinhuanet.com,Male,121
782,Pischof,kpischoflp@printfriendly.com,Male,149
783,Lodin,nlodinlq@i2i.jp,Male,23
784,Branney,cbranneylr@redcross.org,Male,45
785,Doonican,hdoonicanls@mac.com,Genderfluid,2
786,Grichukhanov,jgrichukhanovlt@networkadvertising.org,Female,85
787,Brasse,gbrasselu@vistaprint.com,Male,51
788,Lorey,oloreylv@illinois.edu,Female,13
789,Avann,mavannlw@uol.com.br,Male,86
790,Gorthy,egorthylx@newsvine.com,Male,145
791,Reubbens,rreubbensly@phoca.cz,Female,11
792,Phelps,sphelpslz@youtube.com,Female,71
793,Viles,nvilesm0@weibo.com,Male,132
794,Harle,jharlem1@patch.com,Female,1
795,Sweet,csweetm2@msu.edu,Male,116
796,Cannon,ccannonm3@google.com.hk,Female,146
797,Smallcombe,ksmallcombem4@elpais.com,Female,115
798,MacCurtain,umaccurtainm5@g.co,Female,56
799,Muckleston,omucklestonm6@networkadvertising.org,Male,68
800,McVittie,cmcvittiem7@nymag.com,Female,145
801,Parcells,lparcellsm8@oaic.gov.au,Female,129
802,Tagg,ltaggm9@youtu.be,Male,6
803,Dulinty,sdulintyma@scientificamerican.com,Female,145
804,Nuss,gnussmb@odnoklassniki.ru,Female,111
805,Oakeshott,yoakeshottmc@ifeng.com,Female,61
806,Le Marchand,klemarchandmd@merriam-webster.com,Female,143
807,O'Hartigan,johartiganme@usgs.gov,Male,12
808,Lowey,floweymf@freewebs.com,Male,113
809,Pelcheur,apelcheurmg@twitpic.com,Polygender,26
810,Lowes,glowesmh@shareasale.com,Female,113
811,O'Riordan,noriordanmi@ameblo.jp,Male,85
812,Pickover,apickovermj@prweb.com,Female,71
813,Balham,hbalhammk@wikia.com,Female,77
814,Main,amainml@freewebs.com,Male,127
815,Burchess,gburchessmm@woothemes.com,Female,80
816,Vaisey,avaiseymn@cdbaby.com,Female,121
817,Woolerton,cwoolertonmo@discovery.com,Female,143
818,Kubanek,jkubanekmp@bluehost.com,Male,83
819,Draude,mdraudemq@biglobe.ne.jp,Female,117
820,Gemlett,sgemlettmr@myspace.com,Polygender,100
821,Irving,wirvingms@a8.net,Male,25
822,Bitterton,cbittertonmt@chron.com,Female,80
823,Rosenfarb,lrosenfarbmu@stanford.edu,Female,1
824,Erdely,jerdelymv@gravatar.com,Male,33
825,Ratley,bratleymw@google.co.jp,Male,103
826,Beedie,sbeediemx@nba.com,Female,23
827,Tome,btomemy@scientificamerican.com,Male,65
828,Antonik,mantonikmz@ifeng.com,Female,44
829,Getsham,tgetshamn0@boston.com,Male,42
830,Povah,ppovahn1@homestead.com,Male,69
831,Covell,kcovelln2@squarespace.com,Male,85
832,Schlag,vschlagn3@ucoz.ru,Bigender,8
833,Houseman,jhousemann4@state.tx.us,Male,107
834,McWard,lmcwardn5@bloglines.com,Female,99
835,Lissaman,glissamann6@springer.com,Female,101
836,Gaule,jgaulen7@patch.com,Female,111
837,Mattes,imattesn8@mapy.cz,Female,14
838,Skirvane,lskirvanen9@gov.uk,Female,60
839,Godber,bgodberna@facebook.com,Female,33
840,Keddie,mkeddienb@tamu.edu,Male,35
841,Pimmocke,vpimmockenc@mtv.com,Female,34
842,McLeman,rmclemannd@fc2.com,Female,79
843,Celand,gcelandne@sourceforge.net,Female,34
844,Humberston,shumberstonnf@tinypic.com,Female,28
845,Cowerd,vcowerdng@blogspot.com,Bigender,2
846,Frank,jfranknh@tripadvisor.com,Male,74
847,Poxon,rpoxonni@whitehouse.gov,Female,95
848,Krier,mkriernj@businessinsider.com,Female,77
849,Shark,jsharknk@blog.com,Male,37
850,Layhe,glayhenl@facebook.com,Male,96
851,Galliard,ggalliardnm@independent.co.uk,Female,146
852,Foulds,mfouldsnn@go.com,Female,22
853,Deverall,pdeverallno@networksolutions.com,Male,74
854,Dahlback,gdahlbacknp@cargocollective.com,Female,31
855,Tinklin,rtinklinnq@addtoany.com,Male,128
856,Greedier,dgreediernr@yellowbook.com,Female,69
857,Ferne,pfernens@opera.com,Female,112
858,Obal,dobalnt@marriott.com,Male,19
859,Crease,acreasenu@yahoo.co.jp,Male,123
860,Murkitt,jmurkittnv@ibm.com,Female,125
861,Perfili,mperfilinw@zdnet.com,Male,36
862,Kynett,ckynettnx@gizmodo.com,Female,123
863,Costock,ncostockny@elpais.com,Female,79
864,Shadfourth,rshadfourthnz@ustream.tv,Polygender,5
865,Hallock,lhallocko0@quantcast.com,Male,150
866,Edwardes,medwardeso1@blogtalkradio.com,Male,7
867,Bray,dbrayo2@delicious.com,Female,139
868,Guisby,jguisbyo3@walmart.com,Male,49
869,Tunnick,gtunnicko4@marriott.com,Non-binary,52
870,Skerrett,jskerretto5@quantcast.com,Male,89
871,McClinton,nmcclintono6@bravesites.com,Female,100
872,Gooderham,jgooderhamo7@seattletimes.com,Female,83
873,Collyns,acollynso8@narod.ru,Female,125
874,Heeks,jheekso9@whitehouse.gov,Female,111
875,Jimes,cjimesoa@globo.com,Male,91
876,Lorenzetto,nlorenzettoob@1und1.de,Female,126
877,Deboy,kdeboyoc@nbcnews.com,Female,145
878,Ockleshaw,kockleshawod@un.org,Male,117
879,Cobden,acobdenoe@dailymail.co.uk,Female,57
880,Lodford,ilodfordof@squidoo.com,Female,58
881,Baggett,tbaggettog@examiner.com,Female,11
882,Broadist,abroadistoh@tripadvisor.com,Male,123
883,Skones,lskonesoi@privacy.gov.au,Female,49
884,Quibell,mquibelloj@dyndns.org,Male,62
885,OIlier,koilierok@mapy.cz,Female,115
886,Human,ehumanol@abc.net.au,Female,57
887,Cayton,mcaytonom@bing.com,Genderfluid,7
888,Merricks,nmerrickson@nationalgeographic.com,Genderfluid,1
889,Crole,jcroleoo@cyberchimps.com,Male,55
890,Trazzi,ctrazziop@umn.edu,Genderfluid,98
891,Fant,sfantoq@multiply.com,Female,38
892,MacCracken,smaccrackenor@networkadvertising.org,Male,137
893,Beville,sbevilleos@blogger.com,Female,82
894,Yanuk,nyanukot@narod.ru,Male,145
895,Bestwick,jbestwickou@yelp.com,Female,146
896,Fick,mfickov@histats.com,Female,2
897,Perico,dpericoow@sakura.ne.jp,Genderqueer,77
898,Francesch,jfranceschox@lulu.com,Male,5
899,D'eath,edeathoy@usnews.com,Male,53
900,Deveral,edeveraloz@unicef.org,Female,105
901,Duckit,sduckitp0@feedburner.com,Male,70
902,Gebbe,mgebbep1@scientificamerican.com,Female,10
903,Cobby,rcobbyp2@columbia.edu,Male,114
904,Whettleton,mwhettletonp3@shinystat.com,Male,148
905,Keoghane,jkeoghanep4@xing.com,Genderfluid,138
906,Shafto,kshaftop5@wunderground.com,Female,17
907,Harvison,dharvisonp6@utexas.edu,Male,53
908,Ruhben,druhbenp7@spiegel.de,Female,52
909,Esmond,lesmondp8@jiathis.com,Female,17
910,Hellewell,lhellewellp9@usnews.com,Male,69
911,Lawlee,slawleepa@yandex.ru,Female,22
912,Salkild,lsalkildpb@google.de,Male,126
913,Sewall,asewallpc@printfriendly.com,Female,18
914,Dat,cdatpd@comcast.net,Female,63
915,Burdass,eburdasspe@gravatar.com,Male,106
916,Margrem,bmargrempf@tumblr.com,Female,75
917,Rangell,prangellpg@amazonaws.com,Male,74
918,Eacott,eeacottph@canalblog.com,Male,140
919,Avison,bavisonpi@pbs.org,Female,0
920,Oxburgh,doxburghpj@reverbnation.com,Female,3
921,Peasgood,dpeasgoodpk@wikispaces.com,Male,103
922,Caven,kcavenpl@51.la,Female,94
923,Ardley,kardleypm@google.com.hk,Female,42
924,Bullocke,ibullockepn@joomla.org,Male,54
925,Dimsdale,edimsdalepo@cyberchimps.com,Male,65
926,Marnes,wmarnespp@hatena.ne.jp,Male,106
927,Lauxmann,wlauxmannpq@plala.or.jp,Female,14
928,Baptista,abaptistapr@infoseek.co.jp,Female,147
929,O'Brian,cobrianps@skype.com,Male,134
930,Iverson,aiversonpt@forbes.com,Male,120
931,Eagar,aeagarpu@go.com,Female,29
932,Brachell,mbrachellpv@networksolutions.com,Female,133
933,Ironside,tironsidepw@upenn.edu,Female,111
934,Inkle,yinklepx@deliciousdays.com,Male,138
935,McGuire,cmcguirepy@sakura.ne.jp,Male,141
936,Bairstow,fbairstowpz@unicef.org,Male,62
937,GiacobbiniJacob,ggiacobbinijacobq0@networkadvertising.org,Genderfluid,60
938,Wolfer,nwolferq1@cdc.gov,Male,136
939,Tipler,stiplerq2@uiuc.edu,Non-binary,26
940,Jeafferson,mjeaffersonq3@rakuten.co.jp,Female,7
941,Avon,lavonq4@de.vu,Female,69
942,Blurton,wblurtonq5@yelp.com,Female,106
943,Prester,gpresterq6@ftc.gov,Female,37
944,Vasyushkhin,evasyushkhinq7@g.co,Male,24
945,Rosenberger,erosenbergerq8@howstuffworks.com,Female,73
946,O'Donnell,godonnellq9@issuu.com,Genderqueer,14
947,Denidge,hdenidgeqa@com.com,Female,119
948,Widdall,wwiddallqb@dailymotion.com,Female,38
949,Spurdens,lspurdensqc@nymag.com,Female,113
950,Pidgeon,mpidgeonqd@nature.com,Non-binary,83
951,Verrier,sverrierqe@amazon.de,Male,30
952,Guild,rguildqf@ifeng.com,Female,77
953,Rudloff,lrudloffqg@slashdot.org,Male,96
954,Verheyden,lverheydenqh@archive.org,Female,104
955,Jamson,ajamsonqi@reverbnation.com,Female,93
956,Inglesant,ninglesantqj@php.net,Female,11
957,Abbs,nabbsqk@printfriendly.com,Female,37
958,Peddowe,dpeddoweql@google.fr,Agender,75
959,Hune,lhuneqm@youtu.be,Male,50
960,Padberry,tpadberryqn@nymag.com,Male,79
961,Jermey,ijermeyqo@bloglovin.com,Female,14
962,Sugarman,msugarmanqp@sfgate.com,Male,144
963,Kunneke,mkunnekeqq@apple.com,Male,146
964,Forbear,wforbearqr@hc360.com,Female,44
965,Tomala,etomalaqs@paginegialle.it,Male,103
966,Featherstonhalgh,gfeatherstonhalghqt@networkadvertising.org,Female,118
967,Clethro,aclethroqu@about.com,Bigender,19
968,Jankin,sjankinqv@w3.org,Male,127
969,Hazlehurst,mhazlehurstqw@netlog.com,Male,9
970,Cornehl,acornehlqx@google.pl,Male,120
971,Dorie,cdorieqy@163.com,Female,107
972,Hebden,phebdenqz@squarespace.com,Polygender,39
973,Woodson,bwoodsonr0@pbs.org,Male,13
974,Daouze,pdaouzer1@feedburner.com,Male,49
975,O'Carroll,cocarrollr2@ow.ly,Male,100
976,Franklin,ffranklinr3@addtoany.com,Female,32
977,Chopin,kchopinr4@home.pl,Bigender,34
978,Gladman,ggladmanr5@comsenz.com,Male,6
979,Runciman,fruncimanr6@marketwatch.com,Female,121
980,Gilpillan,vgilpillanr7@dedecms.com,Male,134
981,Shieber,oshieberr8@walmart.com,Female,91
982,Hartright,phartrightr9@liveinternet.ru,Female,137
983,Pedrozzi,gpedrozzira@wix.com,Genderfluid,54
984,Lown,olownrb@fema.gov,Female,18
985,Sargent,tsargentrc@usgs.gov,Male,31
986,Millward,hmillwardrd@dropbox.com,Male,80
987,O'Cuddie,mocuddiere@cmu.edu,Female,139
988,Summerly,ksummerlyrf@cmu.edu,Female,46
989,Youel,hyouelrg@dyndns.org,Female,43
990,Bitcheno,gbitchenorh@netscape.com,Female,68
991,Lamartine,tlamartineri@simplemachines.org,Male,34
992,Tolomei,ctolomeirj@google.com.hk,Female,65
993,Durno,ldurnork@bloglovin.com,Male,132
994,Berends,aberendsrl@twitpic.com,Male,3
995,Foxen,nfoxenrm@marketwatch.com,Female,50
996,Kofax,gkofaxrn@weather.com,Male,53
997,Woodrow,fwoodrowro@odnoklassniki.ru,Female,41
998,Mitchelhill,nmitchelhillrp@yelp.com,Male,136
999,Froggatt,efroggattrq@mapy.cz,Female,59
1000,Bosomworth,abosomworthrr@un.org,Male,102
